/*
SQLyog Ultimate v11.11 (32 bit)
MySQL - 5.5.16 : Database - ebook
*********************************************************************
*/

/*!40101 SET NAMES utf8 */;

/*!40101 SET SQL_MODE=''*/;

/*!40014 SET @OLD_UNIQUE_CHECKS=@@UNIQUE_CHECKS, UNIQUE_CHECKS=0 */;
/*!40014 SET @OLD_FOREIGN_KEY_CHECKS=@@FOREIGN_KEY_CHECKS, FOREIGN_KEY_CHECKS=0 */;
/*!40101 SET @OLD_SQL_MODE=@@SQL_MODE, SQL_MODE='NO_AUTO_VALUE_ON_ZERO' */;
/*!40111 SET @OLD_SQL_NOTES=@@SQL_NOTES, SQL_NOTES=0 */;
USE `ebook`;

/*Table structure for table `authors` */

DROP TABLE IF EXISTS `authors`;

CREATE TABLE `authors` (
  `author_id` int(10) unsigned NOT NULL AUTO_INCREMENT,
  `name` varchar(100) NOT NULL,
  `description` varchar(255) DEFAULT NULL,
  `img` varchar(255) DEFAULT NULL,
  `created` datetime DEFAULT NULL,
  `modified` datetime DEFAULT NULL,
  PRIMARY KEY (`author_id`)
) ENGINE=InnoDB AUTO_INCREMENT=7 DEFAULT CHARSET=utf8;

/*Data for the table `authors` */

insert  into `authors`(`author_id`,`name`,`description`,`img`,`created`,`modified`) values (1,'Conan Doyle','',NULL,'2013-12-06 07:21:42','2013-12-06 07:21:42'),(2,'Lỗi Mễ','',NULL,'2013-12-06 07:21:48','2013-12-06 07:21:48'),(3,'Quỷ CỔ Nữ','',NULL,'2013-12-06 07:21:52','2013-12-06 07:21:52'),(4,'Dan Brown','',NULL,'2013-12-06 07:25:17','2013-12-06 07:25:17'),(5,'Chưa rõ','',NULL,'2013-12-06 08:18:25','2013-12-06 08:18:25'),(6,'Hello','',NULL,'2013-12-09 02:24:13','2013-12-09 02:24:13');

/*Table structure for table `catalogues` */

DROP TABLE IF EXISTS `catalogues`;

CREATE TABLE `catalogues` (
  `catalogue_id` int(10) unsigned NOT NULL AUTO_INCREMENT,
  `name` varchar(255) CHARACTER SET utf8 NOT NULL,
  `parent_id` int(10) unsigned DEFAULT NULL,
  `lft` int(10) unsigned DEFAULT NULL,
  `rght` int(10) unsigned DEFAULT NULL,
  `modified` datetime DEFAULT NULL,
  `created` datetime DEFAULT NULL,
  PRIMARY KEY (`catalogue_id`)
) ENGINE=InnoDB AUTO_INCREMENT=11 DEFAULT CHARSET=latin1;

/*Data for the table `catalogues` */

insert  into `catalogues`(`catalogue_id`,`name`,`parent_id`,`lft`,`rght`,`modified`,`created`) values (1,'Truyện ngắn',NULL,1,2,'2013-12-06 07:19:13','2013-12-06 07:19:13'),(2,'Truyện dài',NULL,3,4,'2013-12-06 07:19:20','2013-12-06 07:19:20'),(3,'Tiểu thuyết',NULL,5,6,'2013-12-06 07:19:25','2013-12-06 07:19:25'),(4,'Trinh thám',NULL,7,8,'2013-12-06 07:19:48','2013-12-06 07:19:48'),(5,'Kinh dị',NULL,9,10,'2013-12-06 07:19:52','2013-12-06 07:19:52'),(6,'Phiêu lưu',NULL,11,12,'2013-12-06 07:19:57','2013-12-06 07:19:57'),(7,'Khoa học',NULL,13,14,'2013-12-06 07:20:01','2013-12-06 07:20:01'),(8,'Thiếu nhi',NULL,15,16,'2013-12-06 07:20:08','2013-12-06 07:20:08'),(9,'Kiếm hiệp',NULL,17,18,'2013-12-06 07:21:06','2013-12-06 07:21:06'),(10,'Truyện cười',NULL,19,20,'2013-12-06 07:21:12','2013-12-06 07:21:12');

/*Table structure for table `chapters` */

DROP TABLE IF EXISTS `chapters`;

CREATE TABLE `chapters` (
  `chapter_id` int(10) unsigned NOT NULL AUTO_INCREMENT,
  `ebook_id` int(10) unsigned NOT NULL,
  `index` int(10) unsigned NOT NULL,
  `name` varchar(100) NOT NULL,
  `description` varchar(255) DEFAULT NULL,
  `content` longtext NOT NULL,
  `modified` datetime DEFAULT NULL,
  `created` datetime DEFAULT NULL,
  PRIMARY KEY (`chapter_id`)
) ENGINE=InnoDB AUTO_INCREMENT=17 DEFAULT CHARSET=utf8;

/*Data for the table `chapters` */

insert  into `chapters`(`chapter_id`,`ebook_id`,`index`,`name`,`description`,`content`,`modified`,`created`) values (1,8,0,'Chương 1','Mô tả chương 1','<p>Nội dung chương 1</p>\n','2013-12-06 07:38:04','2013-12-06 07:38:04'),(2,8,0,'Chương 2','Mô tả chương 2','<p>Nội Dung chương 2</p>\n','2013-12-06 07:38:41','2013-12-06 07:38:41'),(3,7,0,'Chương 1','','','2013-12-06 07:39:01','2013-12-06 07:39:01'),(4,7,0,'Chương 2','','','2013-12-06 07:39:05','2013-12-06 07:39:05'),(5,6,0,'Chương 1: NGUỒN GỐC CỦA THẾ GIAN VÀ CỦA CÁC VỊ THẦN','','Hađex, người anh của Dớt, theo sự rút thăm chia phần, được cai quản thế giới sâu thẳm trong lòng đất và những vong hồn. So với bầu trời mà Dớt cai quản, với đẽi dương mà Pôdêiđông trị vì thì vương quốc của Hađex thật tối tăm lạnh lẽo. Nơi đây không một tia nắng lọt vào, không một ánh trăng soi tới, không có cuộc sống tưng bừng, náo nức, ấm cúng, nhộn nhịp của thế giới slanhpơ và thế giới loài người trên mặt đất phì nhiêu. Những người trần thế đoản mệnh khi kết thúc số mệnh của mình đều biến thành những hình bóng vật vờ đi vào vực thẳm sâu hun hút dẫn tới lòng đất. Những bóng hình ấy phải đi qua con sông Xtich (ạtáx) nước đục bùn lầy quanh năm lạnh buốt. Xưa kia, Xtich là một tiên nữ Nanhphơ, con của thần skêanôx, sống trong một cái động đẹp đẽ ở vùng Arcađi, bên một suối nước trong veo. Khi những người Đại khổng lồ Ghigăngtôx nổi dậy chống lại thế giới slanhpơ, Xtich theo cha đứng về phe thần Dớt. Dẹp xong vụ bạo loạn, để khen thưởng công lao của Xtich thần Dớt ban cho Xtich một đặc ân trở thành một con sông hết sức thiêng liêng đối với thế giới thần linh và những người trần, con sông ở dưới âm phủ. Từ đó trở đi những người trần thế khi từ giã mặt đất tràn đầy ánh sáng để bước vào vương quốc tối tăm của thần Hađex phải đi qua con sông Xtich. Các vị thần khi đứng trước một sự việc hệ trọng cần phải thề nguyền, cam kết đều phải viện dẫn sông Xtich ra để làm người chứng giám. Nhưng làm sao con sông Xtich dưới âm phủ lại có thể hiện diện ở thế giới slanhpơ để chứng giám cho lời thề nguyền của một vị thần nào đó? Nữ thần Irix (Iris) sẽ lo toan chu tất việc này. Mỗi khi có việc thề nguyền, Hadès, thần thoại La Mã: Pluton. được biết trước, nữ thần Cầu Vồng Irix bằng đôi cánh, nhanh nhẹn và nhiều màu sắc của mình, bay ngay xuống thế giới âm phủ múc về một cốc nước sông Xtich. Và trước cốc nước thiêng liêng này, vị thần đưa tay ra trước mặt, trịnh trọng nói lên lời cam kết, thề nguyền của mình. Được nhận sứ mạng thiêng liêng chứng giám lời thề, Xtich có quyền trừng phạt kẻ không tôn trọng lời thề, không thực hiện đúng lời cam kết. Vị thần nào phạm tội xấu xa đó sẽ bị phạt một năm ròng không được uống rượu thánh và ăn các thức ăn thần, nghĩa là những thức ăn vốn dành riêng cho các vị thần để nuôi sống bản chất bất tử trong con người các vị. Không ăn một năm, tất nhiên vị thần nào đó bị trừng phạt, sẽ chết một năm, nghĩa là ngủ một giấc say như chết một năm. Nhưng không phải chỉ có thế. Hình phạt như thế thì quá nhẹ. Kẻ phạm tội còn phải chịu tiếp một hình phạt nữa: bị cấm, bị \"đình chỉ\" không cho dự các cuộc họp của thế giới thần thánh suốt chín năm liền. Thế giới âm phủ không phải chỉ có một con sông Xtich. Các vong hồn còn phải đi qua những con sông khác nữa, như Akhêrông (Achéron, Akheron), Côkit (Cooáte), Pirirphlêghêtông (Pyriphlégéthon), Lêtê (Léthé). Chúng ta không thấy người xưa kể lại rõ ràng về chặng đường mà các vong hồn đi xuống thế giới âm phủ sẽ phải qua con sông nào trước, con sông nào sau và con sông nào là ở cuối của đoạn đường tối tăm u ám dó. Akhêrông xưa kia vốn là một con sông ở trên trần. Khi các Tităng nổi dậy chống lại Dớt, Akhêrông đã cung cấp nước cho các Tităng. Vì tội tiếp tay cho những kẻ phản loạn nên Dớt trừng phạt Akhêrông đày xuống âm phủ. Các vong hồn đi xuống thế giới của thần Hađex phải do vị thần Hermex dẫn đường. Khi phải làm công việc không vui gì đó thần Hermex mang tên là Psikhôpôm. Hermex Psikhôpôm dẫn đường cho các vong hồn đến bờ sông Xtich hoặc Akhêrông là xong nhiệm vụ. Một lão già thân hình tiều tụy, đầu bạc, răng long, áo quần rách rưới, nhem nhuốc, vẻ mặt lạnh lùng u ám, lầm lì tên là Kharông (Charon Kharon) đứng chờ sẵn bên bờ sông với con đò để đưa tiếp những vong hồn vào vương quốc tối tăm của thần Hađex. Kharông vốn là con của Chốn Tối Tăm vĩnh cửu -rép và nữ thần Đêm Tối Nix. Có thể nói trên đời này ít có con người nào lại khắc nghiệt, cứng rắn, lạnh lùng như lão già chở đò Kharông. Mỗi vong hồn qua sông đều phải trả tiền đò cho lão. Không tiền thì không được qua sông, đó là luật lệ bất di bất dịch của lão. Những người trần thế gặp cảnh ngộ không may khi từ giã cõi đời không có thân nhân làm đầy đủ nghi lễ mai táng, trong đó có việc phải bỏ vào miệng người chết một đồng tiền thì thật là bất hạnh. Vong hồn đó không qua được sông Xtich hoặc Akhêrông, suốt đời cứ phải đứng bên này bờ sông than khóc cho số phận hẩm hiu, bạc bẽo của mình, lang thang không nơi trú ngụ hết năm này qua năm khác, chờ đợi sự phán quyết của các quan tòa dưới âm phủ về số phận của mình. Có người lại kể hơi khác đi một chút, những vong hồn bất hạnh đó chờ đợi ở bên bờ sông Côkit chứ không phải sông Akhêrông. Đi vào vương quốc của thần Hađex, các vong hồn còn phải đến sông Lêtê để uống một ngụm nước của con sông này cho quên đi tất cả mọi chuyện của cuộc sống ở dương gian trước kia, mọi nỗi sướng vui và mọi niềm đau khổ, mọi kỷ niệm đối với những người thân thích trong đời sống hàng ngày của mình. Không khí ở âm phủ lạnh lẽo đến ghê rợn. Bóng đen mờ mờ ảo ảo của những vong hồn vật vờ như những làn khói xám. Tiếng rên rỉ khóc than của họ về số phận bất hạnh của mình cất lên đều đều, rả rích buồn bã nhưng trầm trầm, nho nhỏ nghe như tiếng lá cây xào xạc hay tiếng các loại côn trùng kể lể rỉ rót trong đêm. Đã bước chân xuống con đò của lão Kharông ác nghiệt để đi sang bờ bên kia của con sông Akhêrông thì không còn cách gì trở lại được nữa. Lão già lái đò tính khí khắt khe và chặt chẽ, không cho ai qua đò nếu không có tiền, lại càng không cho ai qua đò rồi xin trở lại. Gác cửa âm phủ có con chó ba đầu Xerber vô cùng dữ tợn. Cổ nó, một búi rắn quấn','2013-12-08 05:01:47','2013-12-06 07:39:14'),(6,6,0,'Chương 2: THẾ GIỚI ÂM PHỦ CỦA HAĐEX','','Thuở xưa, trước buổi khai thiên lập địa, trước khi có thế gian và các vị thần, lúc đó chỉ có Khaôx. Đó là một vực thẳm đen ngòm, vô cùng vô tận, trống rỗng, mơ hồ, vật vờ, phiêu bạt trong khoảng không gian bao la. Thoạt đầu là Khaôx một vực thẳm vô cùng. Hung dữ như biển khơi, tối đen, lang thang, hoang dã. Nhà thơ Mintơn, người Anh, thế kỷ XVII đã diễn đạt lại quan niệm của người Hy Lạp cổ về khởi nguyên của thế gian và các vị thần bằng hai câu thơ như thế. Nhưng rồi từ Khaôx đã nẩy sinh ra thế gian với bao điều kỳ lạ cùng với các vị thần có một cuộc sống phong phú khác thường. Từ Khaôx đã ra đời Gaia, Đất Mẹ của muôn loài, có bộ ngực mênh mông. Chính Đất Mẹ Gaia là nơi sinh cơ lập nghiệp bền vững đời đời của muôn vàn sinh linh, vạn vật. Khaôx lại sinh ra Rep - Chốn tối tăm vĩnh cửu (érèbe) và Nix-Đêm tối mịt mù (Nix, Nuit). Nhưng chưa hết, từ Khaôx lại ra đời Địa ngục - Tartar (Tartare) và Tình yêu -rôx là đứa con cuối cùng của Khaôx. Nhưng đây lại là đứa con xinh đẹp nhất. rôx ra đời lãnh xứ mạng làm cho thần thần, người người, cỏ cây hoa lá, vạn vật muôn loài giao hòa gắn bó với nhau để tạo nên thế gian và cuộc sống vĩnh hằng bất diệt. Như vậy là Khaôx sinh ra năm \"người con\". Với \"năm người\" này, (ngày nay chúng ta gọi là nguyên lý) sẽ sinh sôi nảy nở ra con đàn cháu đống nối dõi đời đời. Chaos, tiếng Hy Lạp: Khaos: vực thẳm, sau này mang nghĩa hỗn độn, rối rắm. Gaia, Gian, Gaea, Gê, tiếng Hy Lạp: Đất. Rep-Chốn tối tăm vĩnh cửu lấy Nix-Đêm tối mịt mù làm vợ. Họ sinh được hai người con: anh là khí ter (éther, Air) bất diệt, em là ánh sáng trong trẻo -Hêmer (Hémère Lumière). Ngày (Jour) ra đời từ ánh sáng này. Kể từ đó thế gian tràn ngập ánh sáng. Ngày và đêm thay nhau ngự trị. Nữ thần Đất Mẹ Gaia có bộ ngực nở nang tràn đầy sức sống. Đứa con đầu lòng của nàng là UranôxBầu Trời sao nhấp nhánh (Ou-ranos, Ciel). Nhà thơ Hy Lạp Hêdiôđ sống vào quãng thế kỷ VIII hoặc VII trước Công nguyên, kể lại trong tập Thần hệ (Théo gonie): Nữ thần Đất có bộ ngực nở nang Đối với mọi vật nàng là móng nền vững chắc. Nàng Đất tóc vàng sinh cho thế gian trước hết. Bầu Trời sao nhấp nhánh, bạn thân thiết của nàng. Để Bầu Trời che phủ khắp thế gian. Để làm nơi cư ngụ cho các vị thần Cực lạc. Nàng lại còn đẻ ra Núi (Montaqne) cao vút, sừng sững, nghênh ngang. Biển-Pôngtôx (Pontos) mênh mông, khi hung dữ gầm thét, lúc hiền dịu rì rào. Trời, Núi, Biển như vậy đều do nữ thần Đất Mẹ Gaia sinh ra. Chúng là những đứa con không cha, bởi vì khi ấy mẹ chúng chưa cùng ai kết bạn. Đối với thần thì điều ấy chẳng có gì đáng lạ. Tiếp đó nữ thần Đất Gaia kết hôn với thần Bầu Trời-Uranôx. Hai người sinh ra được rất nhiều con. Chúng toàn là những người khổng lồ có sức mạnh và tài năng mà thuở ấy chưa có vị thần nào ra đời để có thể sánh bằng. Tất nhiên, sau này chúng phải quá phục trước các vị thần mới. Người ta chia những đứa con khổng lồ của Uranôx và Gaia ra làm ba loại:','2013-12-08 05:01:18','2013-12-06 07:39:18'),(7,4,0,'Chương 1','','','2013-12-06 07:40:42','2013-12-06 07:40:42'),(8,5,0,'Chương 1','','','2013-12-06 07:40:53','2013-12-06 07:40:53'),(9,3,0,'Chương 1','','','2013-12-06 07:41:05','2013-12-06 07:41:05'),(10,2,0,'Chương 1','','','2013-12-06 07:41:13','2013-12-06 07:41:13'),(11,1,0,'Chương 1 : Vụ mưu sát 405','','Mùa xuân năm 1977 Ánh trăng lạnh lẽo soi trên đôi vai gầy guộc của Tưởng Dục Hồng, cô thấy lành lạnh. Lẽ ra đêm xuân không nên có cảm giác này mới phải. Cô cười thầm và trách mình thật chẳng ra sao: những ngày tháng ở Quý Châu làm một thanh niên học sinh đi thực tế cơ sở, khi thấy chán ngán, nửa đêm cô vẫn đi dạo một mình trong thôn là chuyện bình thường; lúc này đang ở trong vườn trường của trường đại học rất yên tĩnh, sao mình lại sợ hãi gì? Có đúng là tại cái nơi mình định đến lúc này không? Ánh trăng sáng trong bao phủ khu nhà nhỏ hai tầng cách chỗ cô đứng không xa. Đó là khu nhà kiểu châu Âu được xây dựng vào những năm 30 của thế kỷ này, nghe nói đó là khu nhà cổ nhất trong Đại học Y, nay được dùng làm phòng thực nghiệm giải phẫu học. Phía bắc là cửa ra vào duy nhất, đó là một vòm cuốn khá dày, như kiểu hang đá; nóc của nó là ban công của tầng hai nhô ra. Lúc này nhìn vào, thấy vách cửa xám được ánh trăng soi trắng nhợt, bóng của mái vòm và ban công in xuống nền, làm cho phía trong cửa vòm tối om khác thường, hình như trong đó đang chứa đựng những thứ gì đó rất đáng sợ. Nếu ngày mai không phải làm bài thi giữa học kỳ của môn giải phẫu thì cô đã chẳng phải nửa đêm một mình đi vào khu nhà mà bên trong đâu đâu cũng bày các xác chết đủ loại cùng các đoạn chân tay dài ngắn và nồng nặc mùi phooc-môn. Dục Hồng là một sinh viên công nông binh đợt cuối cùng về học ở đây, trải qua bao nhiêu dày vò và khắc khoải chờ đợi trong suốt bảy năm trời \"đi thực tế\" ấy, rồi cũng đến ngày cô được thực hiện ước mơ của mình. Tuy nhiên, năm tháng trôi đi, nay cô đã ở tuổi 26, kiến thức cơ bản bị rỗng, dù cố đến mấy cũng không thể đọ trí nhớ và độ nhanh nhạy với cánh sinh viên 17-18 tuổi. Nhưng Hồng lại vốn có cá tính mạnh mẽ, cô luôn muốn nổi trội trong học tập, cho nên đêm nay cô đến phòng thực nghiệm giải phẫu hoàn toàn không vì nước đến chân mới nhảy, mà là muốn nâng cao kiến thức đã có, muốn làm rõ từng chi tiết cuối cùng mà cô còn mơ hồ. Then chốt của môn giải phẫu học là phải chịu khó nghiên cứu các tiêu bản thực thể để cảm nhận đa chiều và cụ thể, vì vậy phòng thực nghiệm giải phẫu là nơi ôn tập lý tưởng nhất. Trong trường Đại học Y số hai Giang Kinh này, lâu nay vẫn đồn đại một chuyện bí ẩn kỳ dị về phòng thực nghiệm giải phẫu. Chuyện thường xảy ra về đêm khuya, nhân vật chính có thể là một quái nhân thích ăn thịt các xác chết, có thể là một con ma hung ác, hoặc một cô hồn đầy oán hận; các nạn nhân phải hứng chịu đều là các sinh viên y khoa vô tội. Với các sinh viên y khoa, sau khi kết thúc giờ tự học lúc 11 giờ mỗi đêm, thì nơi đây trở thành vùng cấm địa. Tối nay Dục Hồng đã cùng các bạn đến đây ôn bài, rồi tắt đèn trước lúc chuông báo hết giờ, sau đó họ cùng trở về ký túc xá. Đến nơi rồi, Dục Hồng vẫn trăn trở mãi, cô cảm thấy mình ôn tập chưa được chu đáo, bèn quay trở lại đây. Đang suy nghĩ miên man, thế rồi cô đã đứng trước cửa vòm cuốn. Các mẩu chuyện đồn đại về ma quỷ, liệu có thật không? Tim cô đập dần nhanh hơn. Tất nhiên không phải là thật. Cô đã từng trải qua bao thăng trầm của quãng đời học sinh đi thực tế, đương nhiên cô không như các sinh viên trẻ nhẹ dạ cả tin vào các chuyện khiếp hãi này. Có lẽ vì sinh viên Y bài vở quá nặng nên đã bịa ra các mẩu chuyện cho chính mình được vui đó thôi. Nhưng tại sao mình lại chợt rùng mình? Tim cô đập càng nhanh hơn, nghe rõ mồn một. Để tự trấn tĩnh, Hồng đành nhè nhẹ nhắm mắt và thầm nhẩm lại mấy câu vè về cấu tạo quả tim và hướng lưu thông của máu do cô tự soạn cho mình: \"Lên tâm nhĩ, xuống tâm thất, trái van hai lá, phải van ba lá, tĩnh mạch phổi tâm nhĩ phải, tâm thất trái động mạch chính, tĩnh mạch trong tâm nhĩ phải, tâm thất trái động mạch phổi....\". Cô dường như nhìn thấy dòng máu đang chảy mạnh trong tim mình, cuồn cuộn chảy, không ngớt chảy qua chảy lại giữa tâm nhĩ và tâm thất. Tuy nhiên, cô vẫn bước qua bậu cửa xi măng khá cao để vào khu nhà thực nghiệm giải phẫu. Bậu cửa này cao tới một thước, cũng là một đề tài luôn được sinh viên các khoá hay bàn tán. Nghe nói nhiều năm trước, có lần một bể lớn chứa đầy phooc-môn của phòng thực nghiệm giải phẫu bị vỡ tràn ra lênh láng một nửa sân trường, nồng nặc mùi phooc-môn nhức mũi. Để phòng lặp lại sự cố tương tự gây ô nhiễm, nhà trường bèn cho xây cao bậc cửa này lên, coi như một con đập chắn phooc-môn. Nhưng cũng có cách nói khác - cách giải thích phổ biến của dân gian: bậu cửa cao một thước có thể nhốt ma quỷ ở','2013-12-09 02:07:22','2013-12-06 07:41:22'),(12,1,0,'Chương 2 : Những tiếng bước chân trong phòng giải phẫu','','Mùa thu, gió mát trăng thanh. Đã quá giờ quy định tắt đèn từ lâu, Diệp Hinh trở mình mãi, rồi cuối cùng cũng ngủ được, cô nghĩ: liệu cô ta có đến nữa không nhỉ?\nTừ không trung xa vắng vọng đến một làn điệu âm thanh thiên nhiên, mơ hồ khó bề cảm nhận là phát ra từ nhạc cụ nào, khúc nhạc lọt qua khe cửa sổ hé mở, Diệp Hinh thấy thực sự rất dễ chịu. Bỗng một làn ánh sáng trắng chợt lóe lên, một cô gái mặc áo dài trắng chậm rãi bước ra từ giữa vầng sáng chói mắt ấy. Diệp Hinh cố nhìn cho thật rõ khuôn mặt của cô gái ấy, bèn tiến sát đến phía trước. Một khuôn mặt nát bươm, máu me đầm đìa. Ngươi lại đến ư? Ngươi muốn gì? Từng giọt máu tươi rỏ xuống mặt Diệp Hinh, cô kinh hoàng kêu lên một cách bất lực.\nVẫn lại là giấc mơ ấy.\nHai tháng tập quân sự đã nhanh chóng trôi qua, ngay sau đó là chương trình bài vở bộn bề khiến Hinh thấy thật sự mệt mỏi. Thêm vào đó là, gần đây cô trở thành nòng cốt của trạm phát thanh nhà trường, dường như cô phải bao trọn gói từ phỏng vấn, biên tập, cho đến đọc bản tin. Nhưng không hẳn vì quá mỏi mệt mà cô luôn luôn trằn trọc không yên, mà là, đã nhiều đêm liền cô toàn ngủ mê thấy cảnh tượng này.\nSau mỗi lần hoảng hốt tỉnh giấc, cô hồi tưởng lại và oán trách Âu Dương Sảnh đã kể câu chuyện ‘vụ mưu sất 405’. Chắc vì mình quá căng thẳng thần kinh, nên đã bị nỗi sợ hãi xâm nhập đầu óc.\nNhưng Hinh vẫn thấy sợ ngủ, sợ lại ngủ mê thấy cảnh tượng ấy. Chính con người nắm giữ số phận của mình kia mà? Hinh nghĩ đến cha cô vốn là trưởng phòng của một nhà máy lớn, sau khi nghỉ việc ông chỉ suốt ngày ngồi bên bàn mạt chược, chìm đắm chẳng thể làm gì khá hơn. Trái lại, mẹ cô từ một công nhân dệt rất bình thường, đã chịu khó tự học hỏi vươn lên trở thành một nhà thiết kế thời trang nổi tiếng hiện nay. Hôm nọ Âu Dương Sảnh nói vậy không đúng: con người ta không phải là hạt bụi nhỏ bé hễ bị gió thổi là mất phương hướng. Con người là động vật cao cấp có khả năng chiến thắng bản ngã, không thần thánh ma quỷ nào có thể xâm phạm.\nCàng nghĩ Hinh càng thấy nỗi sợ hãi rời bỏ cô thêm xa hơn, dần dần cô ngủ thiếp đi. Tiếc rằng cô lại không phải là người làm chủ giấc mơ. Tiếng nhạc du dương chơi với bồng bềnh, hình như đang nâng cô lên tận tầng mây trôi. Làn mây không ngớt co lại rồi giãn ra, rồi một vệt sáng trăng lại xuất hiện trước mặt Hinh.\nCô là ai? Hinh dường như có thể nghe thấy âm thanh dội lại từ bốn phía xung quanh. Cô gái đặt ngón tay lên môi và “xuỵt” ... rồi chìa bàn tay về phía Hinh.\nHồi còn bé mình vẫn nghe bà nội dặn không được đi ra bờ sông, quỷ chết đuối sẽ thò tay lên tóm chân người ta lôi xuống dìm chết. Cô gái này nếu như là hồn ma ngày trước nhảy lầu, liệu có lôi mình nhảy lầu hay không?\nHinh cảm thấy mình không thể tự chủ được, cô cứ từ từ đưa tay ra. Cuối cùng cũng chạm vào tay cô gái áo trắng. Lạnh buốt!\nHinh mở to mắt, muốn trước khi chia tay phải nhìn thật rõ mặt cô ta, nhưng Hinh cũng sợ lại nhìn thấy khuôn mặt máu me đầm đìa ấy.\nNhưng lần này thì khác, vầng sáng chói mắt dần dần nhạt đi, mặt cô gái trông mỗi lúc một rõ, một khuôn mặt trắng nhợt và toàn vẹn.\nLà khuôn mặt của Âu Dương Sảnh!\n“A!” Hinh hoảng hốt kêu to, nhưng cô bị Sảnh giơ tay bịt ngay miệng.\n“Nhóc con ạ, ta đây mà! Đừng kêu lên kẻo làm mọi người tỉnh giấc!”\nHinh sợ hãi bừng tỉnh cơn mê, cố nhìn rõ trong bóng tối. Sảnh vốn nằm giường trên nhưng lúc này rõ ràng đang ngồi bên cô. Khuôn mặt trắng nhợt đang ở ngay trước mắt cô.\n“Cậu làm gì vậy? Cậu làm tớ sợ hết hồn!” Diệp Hinh còn chưa hết sợ, cô thấy Sảnh vẫn mặc bộ áo ngủ dài, màu trắng, bàn tay lạnh giá đang nắm chặt tay cô.\n“Tớ đoán nhé: có phải cậu tưởng mình là cô gái mặc áo trắng, đầu và mặt nát bươm trong giấc mơ của cậu hay không? Cậu nhát như cáy, gan của cậu bé tí tẹo!” Sảnh cười đắc ý, khiến Hinh rất ngán ngẩm:\n“Tớ mà nhát gan? Cậu thử sang ngồi bên giường Lôi Lôi mà xem, nó lại không kêu ầm lên, làm cả khu nhà này tỉnh giấc ấy chứ?” Mồm nói cứng vậy thôi, thực ra Hinh đang cười thầm mình quá yếu bóng vía.\nSảnh khẽ chép miệng: “Chẳng hiểu tại sao đêm nay tớ không thể ngủ được. Nằm giường trên thấy cậu cứ trở mình liên tục, đoán rằng cậu cũng không ngủ nên tớ định rủ cậu ra ngoài đi dạo, nào ngờ cậu đã đang nằm mơ rồi!”\n“Đúng thế. Tớ lại bị cậu làm thức giấc. Cậu đã đạt được mục đích rồi chứ? Nửa đêm khuya khoắt, tớ không thể đi ra ngoài với cậu, tớ đâu thuộc nhóm U hồn Sảnh nữ các cậu!”\n“Hinh ơi, tớ xin cậu đấy!” Sảnh khẩn khoản, cô đóan rằng Diệp Hinh dễ tính nhất định sẽ chiều ý cô. Hinh vừa tỉnh cơn mê, quá sợ hãi nên khó mà ngủ lại được, cô bằng lòng.\n“Nhưng cửa ra vào khu nhà đã bị khóa rồi, thì ra sao được?”\nSảnh hạ thấp giọng: “Từ lâu tớ đã trinh sát rồi: chỗ ngoặt giữa cầu thang tầng một lên tầng hai có một ô cửa sổ to, chấn song sắt bị mất một thanh, đó là “cống hiến” của các anh chị sinh viên hay thức đêm học bài. Người hơi béo thì không chui lọt qua nhưng gầy như cậu và tớ thì chắc chắn không có vấn đề gì. Bên ngoài cửa sổ là ô-văng khá rộng, nó cũng là mái che lối vào cầu thang; chúng ta sẽ bò từ ô-văng sang cửa sổ bên ngoài khu bể nước tầng một, cửa sổ này chỉ cách mặt đất chừng một mét rưỡi ...”\nSảnh đứng dậy tiến lại gần giường Chu Mẫn, đứng đó giây lát, rồi quay lại nói tiếp: “Đạo sĩ Chu Mẫn đã ngủ say, chúng ta có thể xuất phát!”\nDưới ánh trăng soi, Sảnh và Hinh đi mấy vòng quanh sân vận động, nói với nhau các chuyện về lớp mình, bình luận về vài bạn nam, và cùng cười vui. Sảnh bỗng chỉ tay về phía trước: “Chúng ta đến đằng kia xem sao, sau đó sẽ quay về, có được không?”\nNếu Sảnh nói rõ là đến khu nhà giải phẫu thì chắc chắn Hinh sẽ không đồng ý. Lúc Hinh từ chối thì đã muộn, hai người đã đứng trước khu nhà gác nho nhỏ cũ kỹ xây theo kiểu châu Âu, họ đứng nghệt ra chăm chú nhìn những bức tường xám nhợt nhạt bị ánh trăng hắt vào.\nKhông hiểu tại sao Hinh thật sự cảm thấy ớn lạnh: “Có lẽ mình mặc phong phanh quá, nên thấy hơi rét, chúng ta quay về thôi!”\n“Đây là thánh địa sản sinh ra rất nhiều chuyện ma ở trường ta!’ Sảnh nói tỉnh bơ, coi như không nghe thấy Hinh nói gì; cô ngây người nhìn khu nhà bằng ánh mắt đượm vẻ thành kính, khiến Hinh thấy kinh hãi.\n“Cậu tệ quá, lừa tớ đến đây hành hương à? Rồi tớ sẽ phải nói chuyện nghiêm chỉnh với mẹ cậu rằng cô con gái của bà rất đồng bóng!” Nói rồi Hinh quay người định ra về.\nSảnh túm ngay Hinh níu lại: “Người ta vẫn nói các chuyện ma quỷ ở phòng giải phẫu này đều xảy ra sau lúc nửa đêm, mấy khi chúng ta có dịp đến đây vào lúc khuya khoắt thế này, cậu không muốn vào tận nơi xem xem thực hư thế nào à? Đừng sợ, đừng sợ! Trong ngần ấy chuyện ma, nào có ai chết trong phòng thực nghiệm giải phẫu này đâu? Đêm nay chúng ta phải khám phá cái bí ẩn ma quỷ này! Chắc sẽ không xảy ra chuyện gì cả, và chúng ta cũng tiện bẩm báo với đạo sĩ Chu Mẫn rằng chỉ trong một đêm đã quét sạch những chuyện mê tín kiểu phong kiến ám ảnh trường ta suốt mấy chục năm, tư tưởng của chúng tôi đã đủ tiến bộ chưa?”\nHinh vẫn không quay đầu lại: “Cậu thấy hứng thú thì cứ vào, rồi thì công lao quét sạch mê tín sẽ thuộc về cậu tất! Tớ không ăn theo cậu đâu!”\n“Nhưng ... nhưng mà ...” Sảnh không biết nên nói gì nữa, nhưng cô vẫn túm chặt tay áo của Hinh.\nHinh bỗng hiểu ra: “Thì ra cậu cũng chỉ tỏ ra đam mê tìm hiểu vậy thôi, thực chất cậu cũng thấy sợ, đúng không?”\nSảnh giận dỗi nói: “Tớ sợ cóc gì! Bạn bè gì mà như cậu? Tớ đã hoài công đêm hôm khuya khoắt đi dạo với cậu suốt! Một mình tớ vào vậy, cậu đừng cản tớ!”\nThấy Sảnh vẫn túm chặt tay mình không buông, Hinh nghĩ cô bạn tốt song rất trái khoáy và ngoan cố này vừa lỳ lợm lại vừa đáng mến. Hinh đành nhượng bộ:\n“Thôi được rồi! Chẳng biết kiếp trước tớ đã tích đức ra sao mà kiếp này lại gặp phẩi cô gái tinh quái như cậu. Nào, vào xem một lát rồi ra ngay!”\nHai người kề bên nhau cùng dò dẫm bước lên, nhẹ nhàng rón rén như rất sợ sẽ làm kinh động ... nhưng khu nhà này làm gì có ai mà phải lo sẽ làm kinh động đến họ?\nCuối cùng cũng đã bước đến sát cửa, Hinh khẽ nói: “ Tại sao lại phải xây cái bậu cửa cao thế này?”\nSảnh đáp: “Có nhiều cách giải thích: để phòng khi mưa to, nước tràn vào. Để phòng rò rỉ phooc-môn ... Nhưng nói là để đề phòng ma quỷ chạy ra ngoài, là đáng tin hơn cả.”\nHinh chép miệng: “Còn tiếp tục nói vớ vẩn, thì từ nay tớ sẽ không bao giờ tin lời cậu nữa!”\n“Cậu đi trước đi!” Sảnh dừng bước.\nHinh chỉ còn biết lắc lắc đầu, rồi bước lên bậc thềm. Cả hai chăm chú nhìn tay nắm cửa bằng đồng rồi đứng đờ ra.\n“Cậu mở cửa đi!” tòan thân Sảnh hơi run run.\nHinh lại đành lắc lắc đầu, nắm vào tay nắm rồi mở cửa.\nTrước mặt là một vùng tối om. Sảnh bật đèn pin mà cô đã chuẩn bị từ trước, nhưng ánh sáng đèn pin không đủ mạnh, chỉ thấy lờ mờ hiện ra một hành lang. Cả hai lại đứng nghệt ra ở cửa. Sảnh vừa mở miệng: “Cậu ...” thì Hinh tiếp lời luôn: “Cậu đi trước đi chứ!” Hinh bước lên một bước, miệng lầu bầu: “Sảnh thật là ... tớ thừa biết cậu không dám đi trước!”\nHinh vừa dứt lời thì Sảnh đã tưng tưng nhảy vào, hoàn toàn không có vẻ sợ sệt như vừa nãy, cô lia đèn pin khắp các phía, gọi to: “Các người đâu rồi? Có tiểu muội tôi đến thăm, đừng để cho tôi phải thất vọng!”\nLúc này Hinh mới biết mình đã mắc lừa con bé Sảnh quái dị tinh ma, Hinh lầu bầu than thở, hậm hực nói: “Cậu gọi tướng lên như thế, dù có đồng loại của cậu ở quanh đây thì họ cũng sợ chết khiếp mà trốn biệt!”\nSảnh cười: “Được, thế thì tớ nhã nhặn một chút vậy!”\nĐèn pin vụt tắt, xung quanh bỗng tối đen như mực, Sảnh cũng im lặng.\nMột luồng gió lạnh xối xả bỗng bao phủ Diệp Hinh, khiến cô rét run cầm cập. Thì ra bóng tối có thể làm cho người ta khiếp hãi đến như vậy. Hinh hít sâu một hơi, nhưng cái lạnh vẫn không tan. Sảnh cũng tuyệt đối không nói một lời. Sau một lúc im lặng, Hinh bí quá đành phải lên tiếng: “Này Sảnh, đừng làm trò nữa, bật đèn lên đi!”\nSảnh không đáp. Xung quanh lặng ngắt như tờ.\n“Sảnh đang ở đâu thế? Đừng làm trò khỉ nữa!” Giọng Hinh có phần run run.\nLại vẫn im lặng. Hinh bị cảm giác cô độc và nỗi sợ hãi hành hạ, mỗi giây trôi đi dường như dài vô tận.\nCô đang định kêu lên, thì một giọng nói nhỏ nhẹ vẳng đến: “Chớ nói to!”\nTạ ơn trời đất, chính là tiếng Sảnh.\n“Cậu đừng vội mắng mỏ tớ! Tớ vẫn đang nghe kỹ xem ... hình như tớ nghe thấy tiếng bước chân.” Sảnh nói nhỏ, nhưng Hinh nghe cứ như là sấm vang bên tai.\nGì cơ? Tiếng bước chân?\nHinh nín thở lắng nghe, đúng thế, những tiếng bước chân nặng nề hình như còn đang đi bên ngoài khu nhà, nhưng đang tiến lại gần hơn. Nó đang tiến về phía hai cô.\n“Tớ cũng nghe thấy.” Hinh khẽ nói, và cũng không biết mình còn có thể đứng nổi ở đây bao lâu nữa.\nTiếng bước chân mỗi lúc một gần, mỗi lúc một nặng nề hơn, cứ như là đang đi trên đường lầy từng bước đều để lại dấu chân lún sâu xuống bùn. Tim Hinh đập liên hồi. Người bình thường đâu có bước chân nặng trịch như thế? Nếu không phải người bình thường thì có thể là gì?\nChẳng lẽ cứ đứng ngây thế này mãi?\n“Mau chạy đến gian cuối cùng nấp đi thôi!”','2013-12-09 00:50:49','2013-12-06 07:44:20'),(13,1,0,'Chương 3 : Bí ẩn xác chết','','Năm nào cũng vậy, mùa xuân không hẹn vẫn cứ trở về. Bởi lẽ trái tim mọi người đều luôn khát vọng về nó. Mùa xuân năm nay, hoa lá ngát hương nơi sân trường đã về với Diệp Hinh, cô còn có được những đêm dài êm đềm không gặp ác mộng. Nhưng điều không mong đợi thì lại đến với Âu Dương Sảnh: vào tháng tư, cô mắc chứng viêm gan A, xét bệnh trạng của Sảnh thì cô cần phải nghỉ học từ một đến hai tháng. Lúc này Hinh đang ở trong phòng thực nghiệm giải phẫu, loay hoay với một cánh tay đang ngâm trong phooc-môn màu nâu đỏ và lại nhớ đến cô bạn thân tinh nghịch của mình. Kể từ sau lần mạo hiểm đến khu nhà giải phẫu lúc đêm khuya, đến nay hai cô đã dần dần không để ý gì đến các chuyện ma quỷ nữa. Họ cũng thường cùng nhau nghiên cứu nguyên do bí ẩn của ‘Vụ án mưu sát 405’, nhưng vì bài vở bộn bề, các hoạt động của trường cũng nhiều, mặt khác, lại thiếu các tư liệu, nên hai cô không biết nên bắt đầu từ đâu. Thêm nữa, cả hai lại sống giữa khu trường xanh tươi cây lá, chỉ thấy quanh mình rực rỡ ánh mặt trời, nên dần dần cả hai cũng giống như mọi người: chấp nhận coi những chuyện kinh dị hết sức hão huyền ấy chỉ là sự trùng hợp ngẫu nhiên, nên không cần nhớ đến làm gì nữa.\nSảnh vừa mới nghỉ dưỡng bệnh được ba ngày, thì Diệp Hinh – vốn luôn tự coi mình là con người độc lập tự cường – đã có phần ngơ ngác. Cũng không có gì là lạ, từ khi bước chân vào trường, hai người hầu như luôn bên nhau như hình với bóng. Kể từ sau cái đêm thu năm ngoái cùng mạo hiểm vào phòng thực nghiệm giải phẫu, cả hai lại càng ăn ý với nhau hơn. Nay Hinh bỗng cô đơn vì tạm thời vắng bóng Sảnh – bông hoa thổ lộ tâm tình, thì Hinh khó tránh khỏi có phần hẫng hụt. Tuy nhiên, Hinh vẫn thầm tự trách và giận chính mình đã quá kém cỏi, vì một cô bạn mà đã phải lúng túng rối trí. Hinh nhớ về kỳ nghỉ đông, mẹ cô đang làm thủ tục ly hôn, bà khóc và dặn dò cô: “Không bao giờ được gắn quá chặt tình cảm của mình với một ai đó.” Bà nói vậy là vì đã bao năm bà bế tắc, giận chồng không có chí vươn lên. Và đó cũng là nỗi ngậm ngùi về một cuộc hôn nhân thất bại.\nNhưng rồi cô lại nghĩ liệu có phải mình đã quá lan man về chuyện này không? Tình bạn giữa mình và Sảnh rất trong sáng, một chút bất ổn hiện nay rồi sẽ nhanh chóng trở lại bình thường cùng với thời gian. Khi mới biết tin cha mẹ ly hôn, tâm trạng mình chẳng phải cũng đã từng rất nặng nề hay sao? Mình đã khóc, đã oán trách, thậm chí bỏ nhà ra đi ... nhưng nay chẳng phải đã phẳng lặng nhiều rồi hay sao? Khi mẹ hoặc cha nói chuyện điện thoại với mình, vẫn rất tình cảm đấy thôi! Hinh không muốn chìm đắm trong khoảng chân không mà Sảnh đã để lại, cô vùi đầu vào vùng trời nho nhỏ của mình – trạm phát thanh của trường. Chị trưởng trạm phát thanh sắp tốt nghiệp đến nơi, thấy kỹ thuật đọc của Hinh ngày càng thuần thục bèn đề cử cô kế nhiệm chị làm trưởng trạm. Đang là mùa xuân, nên các hoạt động văn nghệ của trường rất phong phú, trưởng ban văn nghệ của hội sinh viên nhà trường đang bận tối mắt tối mũi, bèn kết nạp thêm Hinh làm một cán sự để chuẩn bị cho một số buổi trình diễn văn nghệ và thi đấu. Hinh đã làm khá nhiều việc cho hội sinh viên, khi đứng trong phòng thực nghiệm giải phẫu im ắng này, cô lại nhớ đến Sảnh.\n“Hinh ơi, cậu đang thất tình đấy à?” Tần Lôi Lôi hỏi khẽ Diệp Hinh đang có phần lơ đễnh. Trong học kỳ này, từ sau khi bắt đầu học môn giải phẫu, Lôi Lôi đã mạnh dạn hơn nhiều nhưng vẫn chưa có gan đi một mình vào phòng thực nghiệm giải phẫu để ôn bài, nên mới nài nỉ Hinh đi cùng. Tuy ban ngày đã được nghe giảng về các tiêu bản này, nhưng vì đông người ồn ào nên khó có thể yên tâm chăm chú nhìn cho rõ. Cho nên đến tối thường có sinh viên cùng khóa đến đây để nghiên cứu các phần của tứ chi bày la liệt trên bàn. Chúng đều là một phần của các tử thi cũ, chẳng rõ đã ngâm trong phooc-môn bao lâu. Một số sợi cơ thịt đã bị tuột ra, thêm vào đó là mùi phooc-môn nồng cay nhức mũi... Không thể nói là lý thú gì, nhưng ít ra cũng còn hơn là xem các xác mới chết đầm đìa máu me.\nHinh bỗng cầm một tiêu bản cánh tay giơ lên, làm động tác như định đánh Lôi Lôi: “Cậu nói nhí nhố quá, ngay cả người chết cũng phải chồm dậy đánh cậu đây này!”\nLôi Lôi giật bắn người: “Diệp Hinh, nhà người vốn là thục nữ miền Giang Nam, đi theo Âu Dương Sảnh nên cũng học được thói quậy phá rồi đấy!’','2013-12-09 00:51:55','2013-12-06 07:44:32'),(14,10,0,'Chương 1: Chiếc nhẫn thần kì','','Năm 1878, tôi tốt nghiệp tại trường Đại học Y London, sau đó đến Netley dự khóa tu nghiệp dành cho các bác sỹ quân y. Học xong, tôi được bổ nhiệm về trung đoàn bộ binh Northumberland số 5, khi ấy đang đóng tại Ấn Độ. Tôi chưa kịp tới đơn vị của mình thì cuộc chiến tranh Afghanistan lần thứ hai bùng nổ. Đặt chân lên Bombay, tôi được biết đơn vị và tới được Kandahar an toàn. Tại đây, tôi gặp trung đoàn của mình.\nTôi bị chuyển sang trung đoàn Berkshires và tham dự trận đánh Maiwand. Trong trận này, tôi bị thương ở vai, nếu không có người lính hầu xốc tôi lên ngựa và đưa về phía sau chiến tuyến, thì tôi đã rơi vào tay quân địch rồi.\nKiệt sức, tôi được đưa về bệnh viện hậu phương Peshawar. Tại đây, tôi bình phục dần, và lúc đó có thể ra sưởi nắng ngoài hiên, thì lại bị thương hàn. Trong hàng tháng trời, người ta ra sức cứu sống tôi; đến ngày khỏi bệnh, tôi gầy yếu đến nổi Cục quân y phải đưa tôi về Anh lập tức. Một tháng sau, tôi đặt chân lên bến cảng Portsmouth, chính phủ cho tôi nghỉ chín tháng để lấy lại sức.\nVì không có bà con ở Anh nên tôi được tự do như gió trời, với 11 shillings[1] 6 pence[2] mỗi ngày. Trong tình cảnh đó, tôi bị thu hút về London với một sức mạnh không cưỡng lại nổi. Ở đây, tôi sống ít lâu tại một khách sạn, nhưng chẳng bao lâu tôi thấy mình nên đi tìm một nhà trọ xuyềnh xoàng và đỡ tốn kém hơn.\nĐúng vào hôm tôi đi đến quyết định này, khi đang ở một quán rượu thì bỗng có người vỗ vai tôi. Ngoảnh lại, tôi nhận ra Stamford, một thanh niên trước đây làm y tá dưới quyền tôi. Trước đây, tôi chưa bao giờ thật thân với Stamford nhưng bây giờ tôi vồ vập chào đón anh ta và gặp tôi, Stamford xem chừng cũng hoan hỉ lắm, tôi mời anh ta đi ăn trưa tại khách sạn. Chúng tôi gọi xe ngựa, và trong lúc chiếc xe chạy, Stamford hỏi tôi:\n- Dạo này ra sao? Trông anh gầy quá.\nTôi phác qua vài nét về những bước thăng trầm của mình. Chuyện vừa xong thì xe cũng tới quán ăn.\n- Khốn khổ! Thế anh tính sao bây giờ?\n- Tôi định tìm một nơi ở tiện nghi với một cái giá phải chăng.\n- Lạ thật! Anh là người thứ hai trong ngày hôm nay ngỏ với tôi cái ý ấy.\n- Ai là người thứ nhất?\n- Một anh chàng làm việc tại phòng thí nghiệm hóa học ở bệnh viện. Sáng nay, anh ta phàn nàn là không tìm được ai để ở chung hầu giảm được một nửa tiền thuê nhà.\n- Tôi cũng vậy. Tôi nghĩ ở chung hay hơn ở một mình.\nStamford cầm ly rượu, nhìn tôi với một vẻ khó hiểu:\n- Anh chưa biết Sherlock Holmes. Có thể anh sẽ không thích anh ta.\n- Anh ta có gì đáng chê trách?\n- Ồ! Anh ta có những ý kiến hơi kỳ quặc. Anh ta nghiên cứu say mê cuồng nhiệt một vài ngành khoa học. Còn ngoài ra, anh ta là một người lịch sự, đúng mực.\n- Sinh viên Y khoa?\n- Không, tôi không hiểu anh ta định học cái gì; rất giỏi về giải phẫu, về hóa học, nhưng chưa hề theo học một lớp học chính quy nào. Anh ta học theo lối cóc nhảy, song trong nhiều lĩnh vực, anh ta đã thu nhập được một số vốn hiểu biết rộng lớn đến nỗi các giáo sư phải kinh ngạc.\n- Anh không hỏi anh ta định theo ngành nghề nào sao?\n- Đó là một con người không dễ khơi chuyện, tuy rằng những khi cao hứng, anh ta cũng thích chuyện trò.\n- Nếu phải ở chung với ai, tôi muốn đó là một người ham học và yên tĩnh. Hiện nay tôi chưa khỏe nên rất sợ tiếng ồn. Tôi gặp bạn anh bằng cách nào?\n- Anh ta hiện đang ở phòng thí nghiệm. Ăn xong, chúng ta sẽ đi đến đấy.\nTrên đường đi, Stamford cho tôi biết thêm một vài chi tiết nữa về Sherlock Holmes.\n- Về Holmes, tôi không biết gì hơn ngoài những điều tôi hiểu qua các buổi gặp gỡ tại phòng thí nghiệm. Chính anh đã đề xuất ý kiến ở chung, may nhờ rủi chịu đấy nhé!\n- Nếu không hợp, chúng tôi sẽ chia tay nhau. Nhưng, hình như có một lý do nào đó khiến anh muốn phủi tay khỏi việc này. Tính tình người ấy khó chịu đến vậy ư?\n- Không dễ diễn đạt được cái không thể diễn đạt nổi. Sherlock Holmes có tính tình gần như lạnh lùng, sắt đá. Anh ta rất có thể cho một người bạn uống thử một nhúm alkaloide thực vật loại mới nhất, không phải vì độc ác mà chỉ vì muốn biết hiệu lực của chất độc ấy như thế nào. Công bằng mà nói, tôi tin rằng bản thân anh ta cũng có thể sẽ dùng thử một thử một cách sốt sắng không kém.\n- Thế thì rất tốt chứ sao?\n- Đúng, nhưng việc lấy gậy đánh vào xác chết, thì phải nói là quái gở.\n- Anh ta đánh xác chết?\n- Phải, để xem người ta có thể gây ra những thương tích như thế nào trên cơ thể một người đã chết. Chính mắt tôi đã nhìn thấy anh ta làm như thế.\n- Vậy mà hồi nãy anh nói Holmes không học ngành Y?\n- Không mà! Mà thôi, ta đến nơi rồi, anh tự đánh giá nhân vật ấy.\nChúng tôi đi theo một lối hẹp, qua chiếc cửa phụ nhỏ, bước vào mé nhà của khu bệnh viện lớn. Gần cuối hành lang có một lối rẽ nhỏ, dẫn đến phòng thí nghiệm hóa học. Đấy là một gian phòng cao, các giá trên tường để đầy chai lọ. Đây đó có mấy cái bàn rộng và thấp, mặt bàn bề bộn những bình cổ cong, ống nghiệm, đèn hơi với ngọn lửa xanh lè. Trong phòng chỉ có mỗi một người đang chúi mũi xuống một chiếc bàn. Nghe tiếng chân chúng tôi, anh ta đảo mắt nhìn quanh rồi reo lên một tiếng và vội vã đứng lên.\n- Tôi tìm ra rồi! Tôi tìm ra rồi!” Anh ta reo lên với Stamford và hấp tấp đi về phía chúng tôi, tay cầm một ống nghiệm “Tôi đã tìm ra một thuốc thử có đặc tính làm kết tủa huyết cầu tố mà không làm kết tủa bất kỳ chất nào khác.\nGiá như anh ta có thấy một mỏ vàng thì sự vui mừng cũng chỉ đến thế là cùng. Stamford giới thiệu:\n- Đây là bác sỹ Watson, đây là ông Sherlock Holmes.\nHolmes thân mật bắt tay tôi với một sức mạnh mà tôi không nghĩ có thể có ở anh ta. \n- Chào ông, ông ở Afghanistan về, phải không?\n- Làm sao ông biết? - Tôi kinh ngạc hỏi lại. \n- Có gì đâu. Cái điều quan trọng bây giờ là huyết cầu tố. Chắc ông hiểu được phát minh của tôi có tầm quan trọng như thế nào chứ?\n- Một phát minh lý thú về mặt hóa học, nhưng về mặt thực tế...\n- Ông nói lạ! Đây là phát minh có giá trị thực tiễn nhất từ bao nhiêu năm nay trong ngành pháp y. Ông không thấy là nó giúp ta xác định một cách không thể nhầm lẫn những vết máu à? Mời ông lại gần đây! - Trong lúc hào hứng, anh ta nắm lấy tay áo tôi, kéo lại chiếc bàn anh ta đang làm việc.\n- Ta lấy một ít máu tươi nhé. - Vừa nói anh ta vừa lấy kim đâm vào đầu ngón tay, nặn ra một giọt máu và lấy ống hút hút - Bây giờ, tôi hòa chút xíu máu này vào một lít nước. Ông thấy hỗn hợp ấy trông y như nước, tỷ lệ của máu trong đó không thể quá một phần triệu. Dẫu vậy, tôi hoàn toàn tin chắc ta sẽ có được phản ứng đặc trưng.\nNói xong, Holmes thả vào trong bình một vài tinh thể trắng rồi rót thêm vài giọt chất lỏng trong suốt. Một phút sau, hỗn hợp trong bình chuyển thành màu gụ và một thứ bụi màu nâu nhạt kết tủa dưới đáy bình.\n- Ha! Ha! Ông nói sao? - Holmes vỗ tay reo lên.\n- Theo tôi, đây là một cách thử rất tinh tế.\n- Tuyệt vời! Cách thử cũ với chất guaiacone vừa thô kệch vừa không chắc. Cách tìm các tiểu thể máu trên kính hiển vi cũng vậy, với lại chỉ cần vệt máu để lâu một vài giờ là phương thức đó không áp dụng được. Còn phương pháp này, thì lúc nào cũng hiệu nghiệm, dù với máu cũ hay máu tươi.\n- Quả vậy!- Tôi lẩm bẩm.\n- Những vụ án hình sự nhiều khi chỉ còn mắc ở khâu này mà thôi. Một kẻ bị nghi đã nhúng tay vào một vụ án mạng xảy ra trước đó có khi hàng tháng. Xem xét quần áo hắn, người ta phát hiện ra những vết màu nâu nhờ nhờ. Đây có phải là những vết máu không, hay là vết bùn, vết gỉ sắt, vết nhựa trái cây. Còn bây giờ đã có phản ứng hóa học này, việc xác định kia không còn khó khăn gì nữa.\nĐôi mắt Holmes ngời lên trong khi nói, và tay phải đặt lên ngực trái, anh ta cúi gập người như để chào đáp lại những người ngưỡng mộ tưởng tượng của mình.\n- Ông thật đáng được biểu dương. - Tôi phụ họa. \n- Tôi có thể kể với ông đến hai chục vụ án đã qua mà phản ứng của tôi có thể đóng vai trò quyết định.\n- Ông khác nào một quyển niên giám hình sự sống. Ông có thể ra một tờ báo được đấy, lấy tên là “Những vụ án hình sự trong quá khứ”.” - Stamford cười nói.\n- Và đó sẽ là một tờ báo rất bổ ích. - Holmes tiếp lời trong khi dán một miếng băng dính lên vết kim châm vừa rồi ở đầu ngón tay. Anh ta quay sang tôi giải thích - Phải cẩn thận như vậy vì tôi thao tác khá nhiều loại chất độc.\nStamford ngồi xuống một chiếc ghế đẩu ba chân, đẩy một chiếc khác về phía tôi, bàn vào việc:\n- Ông bạn tôi đây đang tìm chỗ ở. Thấy ông phàn nàn là không kiếm được ai ở chung nên tôi thấy không có gì tốt hơn là để hai người tiếp xúc với nhau.\nHolmes có vẻ bằng lòng nói:\n- Tôi tìm được mấy căn phòng ở phố Baker, rất thích hợp cho chúng ta. Tôi mong rằng ông không sợ mùi thuốc lá nặng.\n- Tôi cũng hút một thứ thuốc rất nặng.\n- Thế thì được rồi. Tôi quan tâm nhiều đến hóa học và đôi khi phải làm những thí nghiệm tại nhà. Điều đó có phiền ông không?\n- Hoàn toàn không.\n- Xem nào! Tôi còn tật xấu nào nữa không? Đôi khi tôi lầm lì, mấy ngày liền không hé răng nói một lời nào. Những khi như vậy, cứ để mặc tôi, chẳng bao lâu tôi sẽ lại vui vẻ. Còn ông, ông có điều gì cần nói không?\n- Tôi cũng có một vài cố tật nhỏ. Tôi không thích ồn ào. Tôi dậy vào những giờ rất khác thường, ngoài ra tôi rất lười nhác. Khi khỏe mạnh, tôi lại có một loạt những tính xấu nho nhỏ khác. Hiện thời, đó là những nét chính.\n- Trong chữ ồn ào có gộp cả tiếng đàn vĩ cầm không?\n- Tiếng đàn của người chơi giỏi chỉ làm cho người nghe khoan khoái, chơi tồi thì...\n- Ồ, thế thì được rồi! - Holmes cười vui vẻ - Như vậy là đã ổn thỏa, nghĩa là nếu như ông ưng chỗ ở.\n- Khi nào thì ta đi xem?\n- Mười hai giờ trưa mai, mời ông đến đây, chúng ta cùng đi xem.\n- Xin đúng hẹn, mười hai giờ trưa mai. - Tôi nói và bắt tay anh.\nChúng tôi để anh làm việc tiếp và trở về khách sạn. Tôi bỗng dừng lại, quay sang hỏi Stamford:\n- Này, làm thế nào mà anh ta biết là tôi ở Afghanistan về nhỉ?\n- Anh ta khác người là ở chỗ đó.\nTôi xoa hai tay vào nhau:\n- Ồ, một điều bí mật à? Thú vị thật! Tôi rất cám ơn anh cho tôi có dịp tiếp xúc với anh ta. Như anh biết đấy, đối tượng trong công cuộc nghiên cứu của loài người chính là con người Thế thì anh phải nghiên cứu anh ta đi thôi. Thôi xin tạm biệt nhé.','2013-12-08 04:59:11','2013-12-06 11:00:11'),(15,6,0,'Chương 3: HỘI ÔLANHPICH','','Hội slanhpich là một trong những hội lớn nhất của nhân dân Hy Lạp thời cổ. Hội mở ở đô thành slanhpic trên bờ sông Anphê vùng liđ, Tây Bắc bán đảo Pêlôpônedơ. Theo truyền thuyết, trước khi có tục mở\nhội này thì nơi đây hàng năm thường mở hội lễ tang để giỗ, để tưởng niệm công ơn của người anh hùng Pêlôp. Người sáng lập ra, chế dịnh ra Hội slanhpich là Hêraclex. Chàng đã sử dụng những nghi lễ, tập tục trong hội lễ tang, giỗ Pêlôp để cúng tế thần Dớt. Thật ra thì Hội slanhpich có nguồn gốc từ thời kỳ tiền Hy Lạp. Hàng năm vào mùa thu nhân dân mở một hội mùa để dâng cúng cho một vị nữ thần của Đất và thần Crônôx. Sau này mới ra đời truyền thuyết Pêlôp hàng năm mở hội để tưởng niệm công ơn Hêra, vị nữ thần của hôn nhân và gia đình và Hêraclex, chuyển hội lễ tang, giỗ Pêlôp sang hội thờ cúng thần Dớt. Về người sáng chế ra những trò thi đấu trong Hội slanhpich có ba truyền thuyết quá cho ba người khác nhau: Hêraclex người đảo Cret và anh em của chàng là những người Đăctin (Dactáles) - Hêraclex, vị anh hùng của mười hai kỳ công, người thành Tebơ - và Pêlôp, người xứ Phrigi đã mở mang sự nghiệp ở phía Bắc bán đảo Pêlôpônedơ và con cháu ông ta sau này đã chinh phục cả thành Miken của những người Akêen. Các nhà Hy Lạp học tổng hợp cả ba truyền thuyết đó lại và đưa ra một nhận xét: Truyền thuyết Hêraclex người đảo Cret, phản ánh có một thời nền văn hóa Cret đã giữ vai trò thống trị trong khu vực Đông - Nam Địa Trung Hải, những người Cret là những người ưa chuộng thể dục thể thao - Hêraclex người thành Tebơ và những con cháu của mình Jeux Olámpiques, Olámpiades. Olámpic, Olámpia. gắn với thời kỳ sau cuộc di dân của những người Đôriêng từ phía Tây Bắc tràn xuống bán đảo Hy Lạp. Hêraclex đã khôi phục những trò thi đấu của người Cret xưa kia để phục vụ cho những người chủ mới của bán đảo Hy Lạp: Đôriêng - Pêlôp cho ta thấy một dạng thái của những hội lễ tang thời kỳ nền văn hóa Miken là hội thi đấu thể dục thể thao. Tập tục thi xe ngựa gắn với truyền thuyết Pêlôp chiến thắng nômaôx trong cuộc đua xe ngựa đoạt được phần thưởng: con gái của nhà vua và ngôi báu. Một truyền thuyết lịch sử khác kể rõ thêm: Xưa kia vùng đất liđ thuộc quyền trị vì của nhà vua Iphitôx (Iphitos). Lúc này vương quốc của Iphitôx đang gặp nhiều tai họa: nạn đói và bệnh dịch hoành hành, nhân tâm lá tán, loạn lạc và cướp bóc nổi lên như ong vỡ tổ. Theo một lời','2013-12-08 05:02:23','2013-12-08 05:02:23'),(16,1,0,'Chương 4','','','2013-12-09 02:07:12','2013-12-09 02:07:12');

/*Table structure for table `ebooks` */

DROP TABLE IF EXISTS `ebooks`;

CREATE TABLE `ebooks` (
  `ebook_id` int(10) unsigned NOT NULL AUTO_INCREMENT,
  `catalogue_id` int(10) unsigned DEFAULT '0',
  `author_id` int(10) unsigned DEFAULT '0',
  `user_id` int(10) unsigned DEFAULT '0',
  `title` varchar(255) CHARACTER SET utf8 NOT NULL,
  `description` varchar(255) CHARACTER SET utf8 NOT NULL,
  `translator` varchar(255) CHARACTER SET utf8 NOT NULL,
  `img` varchar(255) CHARACTER SET utf8 DEFAULT NULL,
  `publisher` varchar(100) CHARACTER SET utf8 DEFAULT NULL,
  `status` tinyint(4) unsigned DEFAULT '1',
  `pages_number` int(10) unsigned DEFAULT '0',
  `views_number` int(10) unsigned DEFAULT '0',
  `chapters_number` int(10) unsigned DEFAULT '0',
  `publish_date` datetime DEFAULT NULL,
  `modified` datetime DEFAULT NULL,
  `created` datetime DEFAULT NULL,
  `chapter_index` int(10) unsigned DEFAULT '0',
  PRIMARY KEY (`ebook_id`)
) ENGINE=InnoDB AUTO_INCREMENT=11 DEFAULT CHARSET=latin1;

/*Data for the table `ebooks` */

insert  into `ebooks`(`ebook_id`,`catalogue_id`,`author_id`,`user_id`,`title`,`description`,`translator`,`img`,`publisher`,`status`,`pages_number`,`views_number`,`chapters_number`,`publish_date`,`modified`,`created`,`chapter_index`) values (1,5,3,0,'Kì án ánh trăng','Quỷ Cổ Nữ là bút danh chung của một cặp vợ chồng người Trung Quốc đang sống ở Mỹ, vợ là Dư Dương - kỹ sư có thâm niên về phần mềm máy tính của một công ty đặt tại thung lũng Si-li-côn (Mỹ);','',NULL,'',1,1,58,4,NULL,'2013-12-09 02:20:18','2013-12-06 07:23:16',0),(2,4,2,0,'Độc giả thứ 7','Linh tinh','',NULL,'',1,750,4,1,NULL,'2013-12-06 07:41:13','2013-12-06 07:24:29',0),(3,3,4,0,'Pháo đài số','Người ta thường nói, trước cái chết mọi việc đều trở nên sáng tỏ. Giờ đây, Ensei Tankado mới thấm nhuần nguyên lý tưởng chừng như đơn giản ấy. Hai tay siết chặt lồng ngực, ngã vật xuống đất trong đau đớn, Tankado chợt nhận ra hậu quả khủng khiếp','',NULL,'Văn học',1,1020,5,1,NULL,'2013-12-06 07:41:05','2013-12-06 07:26:29',0),(4,4,4,0,'Thiên thân và ác quỷ','Nhà vật lí Leonardo Vetra ngửi thấy mùi da thịt cháy khét lẹt trên cơ thể mình. Ông kinh hãi nhìn bóng đen lù lù trước mắt: - Ngươi muốn gì! - Chìa khoá, - giọng nói khàn khàn đáp lại. - Mật mã. ','',NULL,'',1,910,8,1,NULL,'2013-12-06 07:40:42','2013-12-06 07:27:46',0),(5,5,3,0,'Death From Broken Heart','Death From Broken Heart','',NULL,'',1,250,69,1,NULL,'2013-12-06 07:40:53','2013-12-06 07:28:20',0),(6,2,5,0,'Thần thoại Hy Lạp','Thần thoại Hy Lạp','Nguyễn Văn Khỏa',NULL,'',1,1,62,3,NULL,'2013-12-08 05:02:23','2013-12-06 07:30:12',0),(7,4,2,0,'Giáo hóa đường','Giáo hóa đường','',NULL,'',1,999,67,2,NULL,'2013-12-06 07:39:05','2013-12-06 07:30:35',0),(8,4,2,0,'Đề thi đẫm máu','Đề thi đẫm máu','',NULL,'',1,910,25,2,NULL,'2013-12-06 07:38:41','2013-12-06 07:30:57',0),(10,3,1,0,'Sherlock holmes','Năm 1878, tôi tốt nghiệp tại trường Đại học Y London, sau đó đến Netley dự khóa tu nghiệp dành cho các bác sỹ quân y. Học xong, tôi được bổ nhiệm về trung đoàn bộ binh Northumberland số 5, khi ấy đang đóng tại Ấn Độ. ','',NULL,'Van Hoc',1,1,8,1,NULL,'2013-12-08 04:58:57','2013-12-06 09:59:50',0);

/*Table structure for table `tokens` */

DROP TABLE IF EXISTS `tokens`;

CREATE TABLE `tokens` (
  `token_id` int(10) unsigned NOT NULL AUTO_INCREMENT,
  `user_id` int(10) unsigned NOT NULL,
  `value` varchar(40) NOT NULL,
  `modified` datetime DEFAULT NULL,
  `created` datetime NOT NULL,
  PRIMARY KEY (`token_id`)
) ENGINE=InnoDB DEFAULT CHARSET=utf8;

/*Data for the table `tokens` */

/*Table structure for table `users` */

DROP TABLE IF EXISTS `users`;

CREATE TABLE `users` (
  `user_id` int(10) unsigned NOT NULL AUTO_INCREMENT,
  `username` varchar(50) NOT NULL,
  `password` varchar(40) NOT NULL,
  `email` varchar(255) NOT NULL,
  `fullname` varchar(100) DEFAULT NULL,
  `group_id` int(1) unsigned NOT NULL DEFAULT '3',
  `avatar_image` varchar(255) DEFAULT NULL,
  `modified` datetime DEFAULT NULL,
  `created` datetime DEFAULT NULL,
  PRIMARY KEY (`user_id`)
) ENGINE=InnoDB AUTO_INCREMENT=3 DEFAULT CHARSET=utf8;

/*Data for the table `users` */

insert  into `users`(`user_id`,`username`,`password`,`email`,`fullname`,`group_id`,`avatar_image`,`modified`,`created`) values (1,'admin','19055ddff5eab8923affab97f869f503478e328c','admin@admin.com','Administrator',1,NULL,'2013-12-02 14:40:12','2013-12-02 14:40:12'),(2,'quantm','71cd1b4557c82992d7d6ecce22ab8625c2b2d56e','quantm@gmail.com','Quan Tran',2,NULL,'2013-12-02 15:06:39','2013-12-02 14:43:10');

/*Table structure for table `users_ebooks` */

DROP TABLE IF EXISTS `users_ebooks`;

CREATE TABLE `users_ebooks` (
  `user_ebook_id` int(10) unsigned NOT NULL AUTO_INCREMENT,
  `ebook_id` int(10) unsigned NOT NULL,
  `user_id` int(10) unsigned NOT NULL,
  `current_chapter` int(10) unsigned NOT NULL DEFAULT '0',
  `modified` datetime DEFAULT NULL,
  `created` datetime DEFAULT NULL,
  PRIMARY KEY (`user_ebook_id`)
) ENGINE=InnoDB AUTO_INCREMENT=4 DEFAULT CHARSET=utf8;

/*Data for the table `users_ebooks` */

insert  into `users_ebooks`(`user_ebook_id`,`ebook_id`,`user_id`,`current_chapter`,`modified`,`created`) values (1,1,1,0,NULL,NULL),(2,2,1,0,NULL,NULL),(3,3,2,0,NULL,NULL);

/*!40101 SET SQL_MODE=@OLD_SQL_MODE */;
/*!40014 SET FOREIGN_KEY_CHECKS=@OLD_FOREIGN_KEY_CHECKS */;
/*!40014 SET UNIQUE_CHECKS=@OLD_UNIQUE_CHECKS */;
/*!40111 SET SQL_NOTES=@OLD_SQL_NOTES */;
